loop_id1,loop_id2,coordx,coordy,discrepancy
HL_1S72_010,HL_1S72_010,0,0,0.0
HL_1S72_010,HL_1S72_039,0,1,0.5628
HL_1S72_010,HL_1VX6_005,0,2,0.4684
HL_1S72_010,HL_1VX6_037,0,3,0.5925
HL_1S72_010,HL_2A64_002,0,4,0.3202
HL_1S72_010,HL_2GDI_002,0,5,0.5276
HL_1S72_010,HL_2GDI_004,0,6,0.4963
HL_1S72_010,HL_2HOJ_002,0,7,0.5252
HL_1S72_010,HL_2QBG_011,0,8,0.1230
HL_1S72_010,HL_3DHS_002,0,9,0.2163
HL_1S72_010,HL_3J7A_004,0,10,0.3206
HL_1S72_010,HL_3U5F_006,0,11,0.3608
HL_1S72_010,HL_3U5H_005,0,12,0.07
HL_1S72_010,HL_4A1B_005,0,13,0.1516
HL_1S72_010,HL_4A1B_037,0,14,0.5904
HL_1S72_010,HL_4BPP_006,0,15,0.4858
HL_1S72_010,HL_4CUV_005,0,16,0.1202
HL_1S72_010,HL_4CUX_006,0,17,0.4073
HL_1S72_010,HL_4IOA_009,0,18,0.1869
HL_1S72_010,HL_4QCN_009,0,19,0.2443
HL_1S72_010,HL_4W21_039,0,20,0.7208
HL_1S72_039,HL_1S72_010,1,0,0.5628
HL_1S72_039,HL_1S72_039,1,1,0.0
HL_1S72_039,HL_1VX6_005,1,2,0.6709
HL_1S72_039,HL_1VX6_037,1,3,0.4675
HL_1S72_039,HL_2A64_002,1,4,0.7397
HL_1S72_039,HL_2GDI_002,1,5,0.451
HL_1S72_039,HL_2GDI_004,1,6,0.4797
HL_1S72_039,HL_2HOJ_002,1,7,0.4404
HL_1S72_039,HL_2QBG_011,1,8,0.6017
HL_1S72_039,HL_3DHS_002,1,9,0.6379
HL_1S72_039,HL_3J7A_004,1,10,0.4211
HL_1S72_039,HL_3U5F_006,1,11,0.392
HL_1S72_039,HL_3U5H_005,1,12,0.5495
HL_1S72_039,HL_4A1B_005,1,13,0.5807
HL_1S72_039,HL_4A1B_037,1,14,0.3649
HL_1S72_039,HL_4BPP_006,1,15,0.3793
HL_1S72_039,HL_4CUV_005,1,16,0.5979
HL_1S72_039,HL_4CUX_006,1,17,0.4111
HL_1S72_039,HL_4IOA_009,1,18,0.6666
HL_1S72_039,HL_4QCN_009,1,19,0.695
HL_1S72_039,HL_4W21_039,1,20,0.7288
HL_1VX6_005,HL_1S72_010,2,0,0.4684
HL_1VX6_005,HL_1S72_039,2,1,0.6709
HL_1VX6_005,HL_1VX6_005,2,2,0.0
HL_1VX6_005,HL_1VX6_037,2,3,0.6095
HL_1VX6_005,HL_2A64_002,2,4,0.5505
HL_1VX6_005,HL_2GDI_002,2,5,0.6092
HL_1VX6_005,HL_2GDI_004,2,6,0.61
HL_1VX6_005,HL_2HOJ_002,2,7,0.6249
HL_1VX6_005,HL_2QBG_011,2,8,0.4662
HL_1VX6_005,HL_3DHS_002,2,9,0.4887
HL_1VX6_005,HL_3J7A_004,2,10,0.5183
HL_1VX6_005,HL_3U5F_006,2,11,0.5463
HL_1VX6_005,HL_3U5H_005,2,12,0.4651
HL_1VX6_005,HL_4A1B_005,2,13,0.4864
HL_1VX6_005,HL_4A1B_037,2,14,0.6477
HL_1VX6_005,HL_4BPP_006,2,15,0.6075
HL_1VX6_005,HL_4CUV_005,2,16,0.4548
HL_1VX6_005,HL_4CUX_006,2,17,0.5126
HL_1VX6_005,HL_4IOA_009,2,18,0.4983
HL_1VX6_005,HL_4QCN_009,2,19,0.52
HL_1VX6_005,HL_4W21_039,2,20,0.7894
HL_1VX6_037,HL_1S72_010,3,0,0.5925
HL_1VX6_037,HL_1S72_039,3,1,0.4675
HL_1VX6_037,HL_1VX6_005,3,2,0.6095
HL_1VX6_037,HL_1VX6_037,3,3,0.0
HL_1VX6_037,HL_2A64_002,3,4,0.7483
HL_1VX6_037,HL_2GDI_002,3,5,0.5777
HL_1VX6_037,HL_2GDI_004,3,6,0.6423
HL_1VX6_037,HL_2HOJ_002,3,7,0.5927
HL_1VX6_037,HL_2QBG_011,3,8,0.5952
HL_1VX6_037,HL_3DHS_002,3,9,0.6517
HL_1VX6_037,HL_3J7A_004,3,10,0.5624
HL_1VX6_037,HL_3U5F_006,3,11,0.5836
HL_1VX6_037,HL_3U5H_005,3,12,0.5705
HL_1VX6_037,HL_4A1B_005,3,13,0.5935
HL_1VX6_037,HL_4A1B_037,3,14,0.2078
HL_1VX6_037,HL_4BPP_006,3,15,0.5376
HL_1VX6_037,HL_4CUV_005,3,16,0.6027
HL_1VX6_037,HL_4CUX_006,3,17,0.5771
HL_1VX6_037,HL_4IOA_009,3,18,0.6982
HL_1VX6_037,HL_4QCN_009,3,19,0.7329
HL_1VX6_037,HL_4W21_039,3,20,0.4547
HL_2A64_002,HL_1S72_010,4,0,0.3202
HL_2A64_002,HL_1S72_039,4,1,0.7397
HL_2A64_002,HL_1VX6_005,4,2,0.5505
HL_2A64_002,HL_1VX6_037,4,3,0.7483
HL_2A64_002,HL_2A64_002,4,4,0.0
HL_2A64_002,HL_2GDI_002,4,5,0.6385
HL_2A64_002,HL_2GDI_004,4,6,0.5884
HL_2A64_002,HL_2HOJ_002,4,7,0.6331
HL_2A64_002,HL_2QBG_011,4,8,0.3327
HL_2A64_002,HL_3DHS_002,4,9,0.2091
HL_2A64_002,HL_3J7A_004,4,10,0.5015
HL_2A64_002,HL_3U5F_006,4,11,0.5395
HL_2A64_002,HL_3U5H_005,4,12,0.3321
HL_2A64_002,HL_4A1B_005,4,13,0.3657
HL_2A64_002,HL_4A1B_037,4,14,0.7479
HL_2A64_002,HL_4BPP_006,4,15,0.6581
HL_2A64_002,HL_4CUV_005,4,16,0.3197
HL_2A64_002,HL_4CUX_006,4,17,0.588
HL_2A64_002,HL_4IOA_009,4,18,0.3053
HL_2A64_002,HL_4QCN_009,4,19,0.3482
HL_2A64_002,HL_4W21_039,4,20,0.8618
HL_2GDI_002,HL_1S72_010,5,0,0.5276
HL_2GDI_002,HL_1S72_039,5,1,0.451
HL_2GDI_002,HL_1VX6_005,5,2,0.6092
HL_2GDI_002,HL_1VX6_037,5,3,0.5777
HL_2GDI_002,HL_2A64_002,5,4,0.6385
HL_2GDI_002,HL_2GDI_002,5,5,0.0
HL_2GDI_002,HL_2GDI_004,5,6,0.1119
HL_2GDI_002,HL_2HOJ_002,5,7,0.0926
HL_2GDI_002,HL_2QBG_011,5,8,0.545
HL_2GDI_002,HL_3DHS_002,5,9,0.5122
HL_2GDI_002,HL_3J7A_004,5,10,0.4861
HL_2GDI_002,HL_3U5F_006,5,11,0.4982
HL_2GDI_002,HL_3U5H_005,5,12,0.5222
HL_2GDI_002,HL_4A1B_005,5,13,0.5516
HL_2GDI_002,HL_4A1B_037,5,14,0.5663
HL_2GDI_002,HL_4BPP_006,5,15,0.5568
HL_2GDI_002,HL_4CUV_005,5,16,0.4881
HL_2GDI_002,HL_4CUX_006,5,17,0.5006
HL_2GDI_002,HL_4IOA_009,5,18,0.5498
HL_2GDI_002,HL_4QCN_009,5,19,0.5920
HL_2GDI_002,HL_4W21_039,5,20,0.8168
HL_2GDI_004,HL_1S72_010,6,0,0.4963
HL_2GDI_004,HL_1S72_039,6,1,0.4797
HL_2GDI_004,HL_1VX6_005,6,2,0.61
HL_2GDI_004,HL_1VX6_037,6,3,0.6423
HL_2GDI_004,HL_2A64_002,6,4,0.5884
HL_2GDI_004,HL_2GDI_002,6,5,0.1119
HL_2GDI_004,HL_2GDI_004,6,6,0.0
HL_2GDI_004,HL_2HOJ_002,6,7,0.1206
HL_2GDI_004,HL_2QBG_011,6,8,0.5189
HL_2GDI_004,HL_3DHS_002,6,9,0.4636
HL_2GDI_004,HL_3J7A_004,6,10,0.4777
HL_2GDI_004,HL_3U5F_006,6,11,0.4866
HL_2GDI_004,HL_3U5H_005,6,12,0.4938
HL_2GDI_004,HL_4A1B_005,6,13,0.5207
HL_2GDI_004,HL_4A1B_037,6,14,0.6226
HL_2GDI_004,HL_4BPP_006,6,15,0.5745
HL_2GDI_004,HL_4CUV_005,6,16,0.4555
HL_2GDI_004,HL_4CUX_006,6,17,0.5006
HL_2GDI_004,HL_4IOA_009,6,18,0.5047
HL_2GDI_004,HL_4QCN_009,6,19,0.5534
HL_2GDI_004,HL_4W21_039,6,20,0.8565
HL_2HOJ_002,HL_1S72_010,7,0,0.5252
HL_2HOJ_002,HL_1S72_039,7,1,0.4404
HL_2HOJ_002,HL_1VX6_005,7,2,0.6249
HL_2HOJ_002,HL_1VX6_037,7,3,0.5927
HL_2HOJ_002,HL_2A64_002,7,4,0.6331
HL_2HOJ_002,HL_2GDI_002,7,5,0.0926
HL_2HOJ_002,HL_2GDI_004,7,6,0.1206
HL_2HOJ_002,HL_2HOJ_002,7,7,0.0
HL_2HOJ_002,HL_2QBG_011,7,8,0.5567
HL_2HOJ_002,HL_3DHS_002,7,9,0.5133
HL_2HOJ_002,HL_3J7A_004,7,10,0.4947
HL_2HOJ_002,HL_3U5F_006,7,11,0.5066
HL_2HOJ_002,HL_3U5H_005,7,12,0.5214
HL_2HOJ_002,HL_4A1B_005,7,13,0.5467
HL_2HOJ_002,HL_4A1B_037,7,14,0.5818
HL_2HOJ_002,HL_4BPP_006,7,15,0.5704
HL_2HOJ_002,HL_4CUV_005,7,16,0.49
HL_2HOJ_002,HL_4CUX_006,7,17,0.5165
HL_2HOJ_002,HL_4IOA_009,7,18,0.5567
HL_2HOJ_002,HL_4QCN_009,7,19,0.6058
HL_2HOJ_002,HL_4W21_039,7,20,0.8089
HL_2QBG_011,HL_1S72_010,8,0,0.1230
HL_2QBG_011,HL_1S72_039,8,1,0.6017
HL_2QBG_011,HL_1VX6_005,8,2,0.4662
HL_2QBG_011,HL_1VX6_037,8,3,0.5952
HL_2QBG_011,HL_2A64_002,8,4,0.3327
HL_2QBG_011,HL_2GDI_002,8,5,0.545
HL_2QBG_011,HL_2GDI_004,8,6,0.5189
HL_2QBG_011,HL_2HOJ_002,8,7,0.5567
HL_2QBG_011,HL_2QBG_011,8,8,0.0
HL_2QBG_011,HL_3DHS_002,8,9,0.2177
HL_2QBG_011,HL_3J7A_004,8,10,0.3337
HL_2QBG_011,HL_3U5F_006,8,11,0.3694
HL_2QBG_011,HL_3U5H_005,8,12,0.1502
HL_2QBG_011,HL_4A1B_005,8,13,0.2108
HL_2QBG_011,HL_4A1B_037,8,14,0.5964
HL_2QBG_011,HL_4BPP_006,8,15,0.4875
HL_2QBG_011,HL_4CUV_005,8,16,0.1519
HL_2QBG_011,HL_4CUX_006,8,17,0.4248
HL_2QBG_011,HL_4IOA_009,8,18,0.1556
HL_2QBG_011,HL_4QCN_009,8,19,0.2224
HL_2QBG_011,HL_4W21_039,8,20,0.7298
HL_3DHS_002,HL_1S72_010,9,0,0.2163
HL_3DHS_002,HL_1S72_039,9,1,0.6379
HL_3DHS_002,HL_1VX6_005,9,2,0.4887
HL_3DHS_002,HL_1VX6_037,9,3,0.6517
HL_3DHS_002,HL_2A64_002,9,4,0.2091
HL_3DHS_002,HL_2GDI_002,9,5,0.5122
HL_3DHS_002,HL_2GDI_004,9,6,0.4636
HL_3DHS_002,HL_2HOJ_002,9,7,0.5133
HL_3DHS_002,HL_2QBG_011,9,8,0.2177
HL_3DHS_002,HL_3DHS_002,9,9,0.0
HL_3DHS_002,HL_3J7A_004,9,10,0.3898
HL_3DHS_002,HL_3U5F_006,9,11,0.4343
HL_3DHS_002,HL_3U5H_005,9,12,0.2313
HL_3DHS_002,HL_4A1B_005,9,13,0.2588
HL_3DHS_002,HL_4A1B_037,9,14,0.6476
HL_3DHS_002,HL_4BPP_006,9,15,0.5554
HL_3DHS_002,HL_4CUV_005,9,16,0.1943
HL_3DHS_002,HL_4CUX_006,9,17,0.4867
HL_3DHS_002,HL_4IOA_009,9,18,0.1939
HL_3DHS_002,HL_4QCN_009,9,19,0.2925
HL_3DHS_002,HL_4W21_039,9,20,0.7688
HL_3J7A_004,HL_1S72_010,10,0,0.3206
HL_3J7A_004,HL_1S72_039,10,1,0.4211
HL_3J7A_004,HL_1VX6_005,10,2,0.5183
HL_3J7A_004,HL_1VX6_037,10,3,0.5624
HL_3J7A_004,HL_2A64_002,10,4,0.5015
HL_3J7A_004,HL_2GDI_002,10,5,0.4861
HL_3J7A_004,HL_2GDI_004,10,6,0.4777
HL_3J7A_004,HL_2HOJ_002,10,7,0.4947
HL_3J7A_004,HL_2QBG_011,10,8,0.3337
HL_3J7A_004,HL_3DHS_002,10,9,0.3898
HL_3J7A_004,HL_3J7A_004,10,10,0.0
HL_3J7A_004,HL_3U5F_006,10,11,0.1672
HL_3J7A_004,HL_3U5H_005,10,12,0.3336
HL_3J7A_004,HL_4A1B_005,10,13,0.3803
HL_3J7A_004,HL_4A1B_037,10,14,0.4878
HL_3J7A_004,HL_4BPP_006,10,15,0.2236
HL_3J7A_004,HL_4CUV_005,10,16,0.3675
HL_3J7A_004,HL_4CUX_006,10,17,0.2186
HL_3J7A_004,HL_4IOA_009,10,18,0.3966
HL_3J7A_004,HL_4QCN_009,10,19,0.4263
HL_3J7A_004,HL_4W21_039,10,20,0.7605
HL_3U5F_006,HL_1S72_010,11,0,0.3608
HL_3U5F_006,HL_1S72_039,11,1,0.392
HL_3U5F_006,HL_1VX6_005,11,2,0.5463
HL_3U5F_006,HL_1VX6_037,11,3,0.5836
HL_3U5F_006,HL_2A64_002,11,4,0.5395
HL_3U5F_006,HL_2GDI_002,11,5,0.4982
HL_3U5F_006,HL_2GDI_004,11,6,0.4866
HL_3U5F_006,HL_2HOJ_002,11,7,0.5066
HL_3U5F_006,HL_2QBG_011,11,8,0.3694
HL_3U5F_006,HL_3DHS_002,11,9,0.4343
HL_3U5F_006,HL_3J7A_004,11,10,0.1672
HL_3U5F_006,HL_3U5F_006,11,11,0.0
HL_3U5F_006,HL_3U5H_005,11,12,0.3721
HL_3U5F_006,HL_4A1B_005,11,13,0.433
HL_3U5F_006,HL_4A1B_037,11,14,0.4991
HL_3U5F_006,HL_4BPP_006,11,15,0.2104
HL_3U5F_006,HL_4CUV_005,11,16,0.4070
HL_3U5F_006,HL_4CUX_006,11,17,0.1972
HL_3U5F_006,HL_4IOA_009,11,18,0.4433
HL_3U5F_006,HL_4QCN_009,11,19,0.4637
HL_3U5F_006,HL_4W21_039,11,20,0.7643
HL_3U5H_005,HL_1S72_010,12,0,0.07
HL_3U5H_005,HL_1S72_039,12,1,0.5495
HL_3U5H_005,HL_1VX6_005,12,2,0.4651
HL_3U5H_005,HL_1VX6_037,12,3,0.5705
HL_3U5H_005,HL_2A64_002,12,4,0.3321
HL_3U5H_005,HL_2GDI_002,12,5,0.5222
HL_3U5H_005,HL_2GDI_004,12,6,0.4938
HL_3U5H_005,HL_2HOJ_002,12,7,0.5214
HL_3U5H_005,HL_2QBG_011,12,8,0.1502
HL_3U5H_005,HL_3DHS_002,12,9,0.2313
HL_3U5H_005,HL_3J7A_004,12,10,0.3336
HL_3U5H_005,HL_3U5F_006,12,11,0.3721
HL_3U5H_005,HL_3U5H_005,12,12,0.0
HL_3U5H_005,HL_4A1B_005,12,13,0.1327
HL_3U5H_005,HL_4A1B_037,12,14,0.5717
HL_3U5H_005,HL_4BPP_006,12,15,0.4922
HL_3U5H_005,HL_4CUV_005,12,16,0.1259
HL_3U5H_005,HL_4CUX_006,12,17,0.4105
HL_3U5H_005,HL_4IOA_009,12,18,0.2111
HL_3U5H_005,HL_4QCN_009,12,19,0.2653
HL_3U5H_005,HL_4W21_039,12,20,0.7047
HL_4A1B_005,HL_1S72_010,13,0,0.1516
HL_4A1B_005,HL_1S72_039,13,1,0.5807
HL_4A1B_005,HL_1VX6_005,13,2,0.4864
HL_4A1B_005,HL_1VX6_037,13,3,0.5935
HL_4A1B_005,HL_2A64_002,13,4,0.3657
HL_4A1B_005,HL_2GDI_002,13,5,0.5516
HL_4A1B_005,HL_2GDI_004,13,6,0.5207
HL_4A1B_005,HL_2HOJ_002,13,7,0.5467
HL_4A1B_005,HL_2QBG_011,13,8,0.2108
HL_4A1B_005,HL_3DHS_002,13,9,0.2588
HL_4A1B_005,HL_3J7A_004,13,10,0.3803
HL_4A1B_005,HL_3U5F_006,13,11,0.433
HL_4A1B_005,HL_3U5H_005,13,12,0.1327
HL_4A1B_005,HL_4A1B_005,13,13,0.0
HL_4A1B_005,HL_4A1B_037,13,14,0.5994
HL_4A1B_005,HL_4BPP_006,13,15,0.5415
HL_4A1B_005,HL_4CUV_005,13,16,0.1896
HL_4A1B_005,HL_4CUX_006,13,17,0.474
HL_4A1B_005,HL_4IOA_009,13,18,0.2362
HL_4A1B_005,HL_4QCN_009,13,19,0.3239
HL_4A1B_005,HL_4W21_039,13,20,0.6943
HL_4A1B_037,HL_1S72_010,14,0,0.5904
HL_4A1B_037,HL_1S72_039,14,1,0.3649
HL_4A1B_037,HL_1VX6_005,14,2,0.6477
HL_4A1B_037,HL_1VX6_037,14,3,0.2078
HL_4A1B_037,HL_2A64_002,14,4,0.7479
HL_4A1B_037,HL_2GDI_002,14,5,0.5663
HL_4A1B_037,HL_2GDI_004,14,6,0.6226
HL_4A1B_037,HL_2HOJ_002,14,7,0.5818
HL_4A1B_037,HL_2QBG_011,14,8,0.5964
HL_4A1B_037,HL_3DHS_002,14,9,0.6476
HL_4A1B_037,HL_3J7A_004,14,10,0.4878
HL_4A1B_037,HL_3U5F_006,14,11,0.4991
HL_4A1B_037,HL_3U5H_005,14,12,0.5717
HL_4A1B_037,HL_4A1B_005,14,13,0.5994
HL_4A1B_037,HL_4A1B_037,14,14,0.0
HL_4A1B_037,HL_4BPP_006,14,15,0.4112
HL_4A1B_037,HL_4CUV_005,14,16,0.6216
HL_4A1B_037,HL_4CUX_006,14,17,0.512
HL_4A1B_037,HL_4IOA_009,14,18,0.6952
HL_4A1B_037,HL_4QCN_009,14,19,0.7187
HL_4A1B_037,HL_4W21_039,14,20,0.5208
HL_4BPP_006,HL_1S72_010,15,0,0.4858
HL_4BPP_006,HL_1S72_039,15,1,0.3793
HL_4BPP_006,HL_1VX6_005,15,2,0.6075
HL_4BPP_006,HL_1VX6_037,15,3,0.5376
HL_4BPP_006,HL_2A64_002,15,4,0.6581
HL_4BPP_006,HL_2GDI_002,15,5,0.5568
HL_4BPP_006,HL_2GDI_004,15,6,0.5745
HL_4BPP_006,HL_2HOJ_002,15,7,0.5704
HL_4BPP_006,HL_2QBG_011,15,8,0.4875
HL_4BPP_006,HL_3DHS_002,15,9,0.5554
HL_4BPP_006,HL_3J7A_004,15,10,0.2236
HL_4BPP_006,HL_3U5F_006,15,11,0.2104
HL_4BPP_006,HL_3U5H_005,15,12,0.4922
HL_4BPP_006,HL_4A1B_005,15,13,0.5415
HL_4BPP_006,HL_4A1B_037,15,14,0.4112
HL_4BPP_006,HL_4BPP_006,15,15,0.0
HL_4BPP_006,HL_4CUV_005,15,16,0.5384
HL_4BPP_006,HL_4CUX_006,15,17,0.2765
HL_4BPP_006,HL_4IOA_009,15,18,0.569
HL_4BPP_006,HL_4QCN_009,15,19,0.5791
HL_4BPP_006,HL_4W21_039,15,20,0.7423
HL_4CUV_005,HL_1S72_010,16,0,0.1202
HL_4CUV_005,HL_1S72_039,16,1,0.5979
HL_4CUV_005,HL_1VX6_005,16,2,0.4548
HL_4CUV_005,HL_1VX6_037,16,3,0.6027
HL_4CUV_005,HL_2A64_002,16,4,0.3197
HL_4CUV_005,HL_2GDI_002,16,5,0.4881
HL_4CUV_005,HL_2GDI_004,16,6,0.4555
HL_4CUV_005,HL_2HOJ_002,16,7,0.49
HL_4CUV_005,HL_2QBG_011,16,8,0.1519
HL_4CUV_005,HL_3DHS_002,16,9,0.1943
HL_4CUV_005,HL_3J7A_004,16,10,0.3675
HL_4CUV_005,HL_3U5F_006,16,11,0.4070
HL_4CUV_005,HL_3U5H_005,16,12,0.1259
HL_4CUV_005,HL_4A1B_005,16,13,0.1896
HL_4CUV_005,HL_4A1B_037,16,14,0.6216
HL_4CUV_005,HL_4BPP_006,16,15,0.5384
HL_4CUV_005,HL_4CUV_005,16,16,0.0
HL_4CUV_005,HL_4CUX_006,16,17,0.4363
HL_4CUV_005,HL_4IOA_009,16,18,0.1809
HL_4CUV_005,HL_4QCN_009,16,19,0.2486
HL_4CUV_005,HL_4W21_039,16,20,0.7278
HL_4CUX_006,HL_1S72_010,17,0,0.4073
HL_4CUX_006,HL_1S72_039,17,1,0.4111
HL_4CUX_006,HL_1VX6_005,17,2,0.5126
HL_4CUX_006,HL_1VX6_037,17,3,0.5771
HL_4CUX_006,HL_2A64_002,17,4,0.588
HL_4CUX_006,HL_2GDI_002,17,5,0.5006
HL_4CUX_006,HL_2GDI_004,17,6,0.5006
HL_4CUX_006,HL_2HOJ_002,17,7,0.5165
HL_4CUX_006,HL_2QBG_011,17,8,0.4248
HL_4CUX_006,HL_3DHS_002,17,9,0.4867
HL_4CUX_006,HL_3J7A_004,17,10,0.2186
HL_4CUX_006,HL_3U5F_006,17,11,0.1972
HL_4CUX_006,HL_3U5H_005,17,12,0.4105
HL_4CUX_006,HL_4A1B_005,17,13,0.474
HL_4CUX_006,HL_4A1B_037,17,14,0.512
HL_4CUX_006,HL_4BPP_006,17,15,0.2765
HL_4CUX_006,HL_4CUV_005,17,16,0.4363
HL_4CUX_006,HL_4CUX_006,17,17,0.0
HL_4CUX_006,HL_4IOA_009,17,18,0.4899
HL_4CUX_006,HL_4QCN_009,17,19,0.4932
HL_4CUX_006,HL_4W21_039,17,20,0.8098
HL_4IOA_009,HL_1S72_010,18,0,0.1869
HL_4IOA_009,HL_1S72_039,18,1,0.6666
HL_4IOA_009,HL_1VX6_005,18,2,0.4983
HL_4IOA_009,HL_1VX6_037,18,3,0.6982
HL_4IOA_009,HL_2A64_002,18,4,0.3053
HL_4IOA_009,HL_2GDI_002,18,5,0.5498
HL_4IOA_009,HL_2GDI_004,18,6,0.5047
HL_4IOA_009,HL_2HOJ_002,18,7,0.5567
HL_4IOA_009,HL_2QBG_011,18,8,0.1556
HL_4IOA_009,HL_3DHS_002,18,9,0.19399
HL_4IOA_009,HL_3J7A_004,18,10,0.3966
HL_4IOA_009,HL_3U5F_006,18,11,0.4433
HL_4IOA_009,HL_3U5H_005,18,12,0.2111
HL_4IOA_009,HL_4A1B_005,18,13,0.2362
HL_4IOA_009,HL_4A1B_037,18,14,0.6952
HL_4IOA_009,HL_4BPP_006,18,15,0.569
HL_4IOA_009,HL_4CUV_005,18,16,0.1809
HL_4IOA_009,HL_4CUX_006,18,17,0.4899
HL_4IOA_009,HL_4IOA_009,18,18,0.0
HL_4IOA_009,HL_4QCN_009,18,19,0.1898
HL_4IOA_009,HL_4W21_039,18,20,0.8239
HL_4QCN_009,HL_1S72_010,19,0,0.2443
HL_4QCN_009,HL_1S72_039,19,1,0.695
HL_4QCN_009,HL_1VX6_005,19,2,0.52
HL_4QCN_009,HL_1VX6_037,19,3,0.7329
HL_4QCN_009,HL_2A64_002,19,4,0.3482
HL_4QCN_009,HL_2GDI_002,19,5,0.5920
HL_4QCN_009,HL_2GDI_004,19,6,0.5534
HL_4QCN_009,HL_2HOJ_002,19,7,0.6058
HL_4QCN_009,HL_2QBG_011,19,8,0.2224
HL_4QCN_009,HL_3DHS_002,19,9,0.2925
HL_4QCN_009,HL_3J7A_004,19,10,0.4263
HL_4QCN_009,HL_3U5F_006,19,11,0.4637
HL_4QCN_009,HL_3U5H_005,19,12,0.2653
HL_4QCN_009,HL_4A1B_005,19,13,0.3239
HL_4QCN_009,HL_4A1B_037,19,14,0.7187
HL_4QCN_009,HL_4BPP_006,19,15,0.5791
HL_4QCN_009,HL_4CUV_005,19,16,0.2486
HL_4QCN_009,HL_4CUX_006,19,17,0.4932
HL_4QCN_009,HL_4IOA_009,19,18,0.1898
HL_4QCN_009,HL_4QCN_009,19,19,0.0
HL_4QCN_009,HL_4W21_039,19,20,0.8928
HL_4W21_039,HL_1S72_010,20,0,0.7208
HL_4W21_039,HL_1S72_039,20,1,0.7288
HL_4W21_039,HL_1VX6_005,20,2,0.7894
HL_4W21_039,HL_1VX6_037,20,3,0.4547
HL_4W21_039,HL_2A64_002,20,4,0.8618
HL_4W21_039,HL_2GDI_002,20,5,0.8168
HL_4W21_039,HL_2GDI_004,20,6,0.8565
HL_4W21_039,HL_2HOJ_002,20,7,0.8089
HL_4W21_039,HL_2QBG_011,20,8,0.7298
HL_4W21_039,HL_3DHS_002,20,9,0.7688
HL_4W21_039,HL_3J7A_004,20,10,0.7605
HL_4W21_039,HL_3U5F_006,20,11,0.7643
HL_4W21_039,HL_3U5H_005,20,12,0.7047
HL_4W21_039,HL_4A1B_005,20,13,0.6943
HL_4W21_039,HL_4A1B_037,20,14,0.5208
HL_4W21_039,HL_4BPP_006,20,15,0.7423
HL_4W21_039,HL_4CUV_005,20,16,0.7278
HL_4W21_039,HL_4CUX_006,20,17,0.8098
HL_4W21_039,HL_4IOA_009,20,18,0.8239
HL_4W21_039,HL_4QCN_009,20,19,0.8928
HL_4W21_039,HL_4W21_039,20,20,0.0